smiles,y
CCn1cc(C(O)=O)c(=O)c2cc(F)c(cc12)N1CCNCC1,-2.9065
c1ccc2n[nH]nc2c1,-0.78
OC(=O)c1ccccc1Nc1cccc(c1)C(F)(F)F,-5.33
CSc1ncc2nccnc2n1,-1.754
O=C1NC(=O)C(C2CCC2)C(=O)N1,-2.349
Cn1c(=O)on(-c2ccc(Cl)c(Cl)c2)c1=O,-2.82
COP(=O)(OC)O[C@@H](Br)C(Cl)(Cl)Br,-2.28
CC(C)C1C(=O)NC(=O)NC1=O,-1.456
CN1C(=O)NC(=O)[C@@](C)(C1=O)C1=CCCCC1,-2.674
CC[C@@H](O)C(C)C,-0.7
CCCCCC(=O)OCC,-2.336666667
CCCCCCCCC1(CC)C(=O)NC(=O)NC1=O,-3.943
CCC[N+]([O-])=O,-0.8
CCOC(=O)c1ccccc1,-2.32
CNC(=O)O\N=C(\CSC)C(C)(C)C,-1.62
CC(C)(C)NC(=O)[C@H]1CC[C@H]2[C@@H]3CC=C4C=C(CC[C@]4(C)[C@H]3CC[C@]12C)C(O)=O,-8.7585
CCCN(CCC)S(=O)(=O)c1ccc(cc1)C(O)=O,-4.888
CC(C)OC(=O)C(C)(C)Oc1ccc(cc1)C(=O)c1ccc(Cl)cc1,-5.712000000000001
O=C1NC(=O)C(C2CCCCCC2)C(=O)N1,-2.9819999999999998
CCCc1cc(=O)[nH]c(=S)[nH]1,-2.185
CC1=C(N2[C@H](SC1)[C@H](NC(=O)[C@H](N)C1=CCC=CC1)C2=O)C(O)=O,-1.215
CC(C)NC[C@H](O)COc1ccc(COCCOC(C)C)cc1,-1.93
Nc1ccccc1O,-0.72
CC(C)C1(CC=C)C(=O)NC(=O)NC1=O,-1.71
CNC(=O)Oc1ccccc1OC(C)C,-2.02
O=c1cnc2cncnc2[nH]1,-2.124
CCCCNC(=O)NS(=O)(=O)c1ccc(C)cc1,-3.4665
CCN(CC)C(=O)C(\Cl)=C(/C)OP(=O)(OC)OC,0.523
C[C@@H](C(O)=O)c1ccc(c(F)c1)-c1ccccc1,-4.256
CNC(=O)Oc1cc(C)cc(C)c1,-2.5810000000000004
Cc1ccc(cc1[N+]([O-])=O)[N+]([O-])=O,-2.82
CCCC1(CC)C(=O)NC(=O)NC1=O,-1.4909999999999999
C[C@]12CC[C@H]3[C@@H](CCc4cc(O)ccc34)[C@@H]1CC[C@@]2(O)C#C,-4.217
OCCN(CCO)c1nc(N2CCCCC2)c2nc(nc(N3CCCCC3)c2n1)N(CCO)CCO,-5.332000000000001
CCC1(CC)C(=O)NC(=O)NC1=O,-1.41
CC(C)COC(=O)C=C,-1.21
CC(=O)C[C@H](c1ccccc1)c1c(O)c2ccccc2oc1=O,-4.761
[O-][N+](=O)c1ccc(\C=N\N2CC(=O)NC2=O)o1,-3.26
CC[C@@H](CO)NCCN[C@@H](CC)CO,-0.565
OC(=O)c1ccccc1C(O)=O,-1.50975
Cc1cc(=O)c2ccccc2[nH]1,-1.2
Clc1cccc(-c2c[nH]cc2C#N)c1Cl,-5.074
O[C@@](CCN1CCCC1)(C1CCCCC1)c1ccccc1,-4.7
CNCCC=C1c2ccccc2CCc2ccccc12,-4.018
N[C@@H](Cc1cc(I)c(Oc2cc(I)c(O)c(I)c2)c(I)c1)C(O)=O,-4.2589999999999995
Cc1ccnc(NS(=O)(=O)c2ccc(N)cc2)n1,-3.1205
CCC(=O)O[C@@](Cc1ccccc1)([C@H](C)CN(C)C)c1ccccc1,-4.985
CCCC1(CCC)C(=O)NC(=O)NC1=O,-2.5269999999999997
N[C@]12C[C@H]3C[C@H](C[C@H](C3)C1)C2,-1.854
CCNC(=S)NCC,-1.46
NC(=O)c1ccccc1O,-1.8359999999999999
CC1(C)C(=O)NC(=O)NC1=O,-1.742
CC(C)NC(=O)N1CC(=O)N(C1=O)c1cc(Cl)cc(Cl)c1,-4.405
CCOC(=O)CC,-0.66
Cn1cnc2n(C)c(=O)[nH]c(=O)c12,-2.557
COc1cnc2cncnc2n1,-0.91
Nc1[nH]c(=O)nc2nc[nH]c12,-3.4010000000000002
CCCCC(C)(C)O,-1.08
C[C@]12C[C@H](O)[C@H]3[C@@H](CCC4=CC(=O)CC[C@]34C)[C@@H]1CC[C@]2(O)C(=O)CO,-3.1
CNc1ccccc1,-1.28
COC(=O)c1ccc(OC)cc1,-2.41
COc1ccc(Cl)cc1C(=O)NCCc1ccc(cc1)S(=O)(=O)NC(=O)NC1CCCCC1,-6.755
Clc1ccc(CC[C@@](Cn2cncn2)(C#N)c2ccccc2)cc1,-6.226
CCCCCCC1(CC)C(=O)NC(=O)NC1=O,-3.049
CCOC(=O)c1cncn1[C@H](C)c1ccccc1,-6.735
CCCC[C@@H](CC)CO,-2.11
Cc1ncc2nccnc2n1,-0.094
Cc1c[nH]c2ccccc12,-2.42
CC(C)NC[C@H](O)COc1ccccc1CC=C,-2.82
O[C@@](CCN1CCCCC1)(C1CCCCC1)c1ccccc1,-5.2
CCCCNc1ccc(cc1)C(=O)OCCN(C)C,-3.011
Cc1ccc(cc1)[N+]([O-])=O,-2.49
COc1ccc(cc1)[C@@](O)(C1CC1)c1cncnc1,-2.5980000000000003
C[C@H]1CC[C@H](O)CC1,-0.88
CCOc1ccccc1,-2.33
CC(=O)CCCCn1c(=O)n(C)c2ncn(C)c2c1=O,-0.5579999999999999
NNC(=O)c1ccncc1,0.009000000000000001
CC(C)[N+]([O-])=O,-0.62
Nc1ccc(O)c(c1)C(O)=O,-2.259
CCCCCCO,-1.2375
O=Cc1ccc2OCOc2c1,-1.63
CC1(CC=C)C(=O)NC(=O)NC1=O,-1.16
Oc1ccccc1C=O,-0.86
CCCCn1c(C)nc2n(C)c(=O)n(C)c(=O)c12,-1.745
Nc1ccc(Cl)cc1,-1.66
Cc1cc(=O)n(-c2ccccc2)n1C,0.48
CCCCC(=O)OCC,-1.75
CCCCNC(=O)OC[C@@](C)(CCC)COC(N)=O,-2.739
ClCCS(=O)(=O)CCCl,-1.5
CC(C)OC(C)=O,-0.563
CC(C)(C)NC[C@H](O)COc1ccc(NC(=O)NC2CCCCC2)cc1,-3.62
NS(=O)(=O)c1cc(ccc1Cl)[C@]1(O)NC(=O)c2ccccc12,-3.451
C(\C=C\c1ccccc1)N1CCN(CC1)C(c1ccccc1)c1ccccc1,-5.34
CC(C)C1(CC=C(C)C)C(=O)NC(=O)NC1=O,-2.593
Nc1nc(=O)[nH]cc1F,-0.9590000000000001
CC1(C)[C@@H]2CC[C@@](C)(C2)C1=O,-1.85
O[C@@H](C(=O)c1ccccc1)c1ccccc1,-2.85
Cc1ccc(cc1)S(N)(=O)=O,-1.74
Cn1c2ncn(C[C@@H](O)CO)c2c(=O)n(C)c1=O,0.11800000000000001
CCCC(O)CCC,-1.4
CN1CCC(CC1)=C1c2ccccc2C=Cc2ccccc12,-5.9
NC(=O)c1cccnc1,0.9129999999999999
CNC(=O)Oc1ccccc1C(C)C,-2.863
CC(=O)OCC(COC(C)=O)OC(C)=O,-0.6
c1nc2ccccc2o1,-1.16
CCC(C)(C)CO,-1.04
NC(N)=NC(=O)c1nc(Cl)c(N)nc1N,-3.13
Cc1ncc(n1CCO)[N+]([O-])=O,-1.2165
CCOC(=O)C=C,-0.74
C[C@]12C[C@H](O)[C@@]3(F)[C@@H](CCC4=CC(=O)C=C[C@]34C)[C@@H]1C[C@@H](O)[C@]2(O)C(=O)CO,-3.693
Nc1ccc(cc1)S(N)(=O)=O,-1.361
COc1ccc(CCN(C)CCC[C@@](C#N)(C(C)C)c2ccc(OC)c(OC)c2)cc1OC,-4.6
CCC1(CC=C(C)C)C(=O)NC(=O)NC1=O,-2.253
CON(C)C(=O)Nc1ccc(Cl)c(Cl)c1,-3.5210000000000004
C[C@H](CN(C)C)CN1c2ccccc2CCc2ccccc12,-4.796
OC[C@H](O)COC(=O)c1ccccc1Nc1ccnc2cc(Cl)ccc12,-4.571000000000001
C[C@H]1CCc2cc(F)cc3c2n1cc(C(O)=O)c3=O,-3.733
NS(=O)(=O)c1cc(C(O)=O)c(NCc2ccco2)cc1Cl,-4.75
COC(=O)c1ccccc1C(=O)OC,-1.66
CN(C)c1c(C)n(C)n(-c2ccccc2)c1=O,-0.619
CCCOC(=O)c1ccc(O)cc1,-2.557
O=C1NC(=O)C2(CC2)C(=O)N1,-1.886
O[C@@H]1N=C(c2ccccc2)c2cc(Cl)ccc2NC1=O,-3.952
[O-][N+](=O)O[C@@H]1CO[C@@H]2[C@H](CO[C@H]12)O[N+]([O-])=O,-2.63
Nc1nc(=O)c2nc(CNc3ccc(cc3)C(=O)N[C@@H](CCC(O)=O)C(O)=O)cnc2[nH]1,-5.343999999999999
ClCCS(=O)CCCl,-1.16
CN(C)[C@H]1[C@@H]2C[C@H]3C(=C(O)[C@]2(O)C(=O)[C@H](C(N)=O)C1=O)C(=O)c1c(O)ccc(Cl)c1[C@@]3(C)O,-2.94
CC(C)CCCO,-1.14
OC[C@H]1O[C@H](O)[C@H](O)[C@@H](O)[C@@H]1O,0.74
NC(=O)NCc1ccccc1,-0.95
OC[C@@H](NC(=O)C(Cl)Cl)[C@H](O)c1ccc(cc1)[N+]([O-])=O,-2.1109999999999998
O=Cc1ccco1,-0.093925
CCCCC(=O)OC,-1.36
